year_x,month_x,month_name_x,date,arrivals,year_y,month_y,month_name_y,Available Room Nights,Average Hotel Occupancy Rate,Average Occupancy Rate - Large,Average Occupancy Rate - Medium,Average Occupancy Rate - Small,Average Room Rate,Average Room Rate - Large,Average Room Rate - Medium,Average Room Rate - Small,Gross Lettings,Room Revenue
2016.0,2.0,Feb,2016-02-01,1335097.0,2016.0,2.0,Feb,1470105.0,84.3,87.5,81.6,68.0,238.1,256.0,212.1,140.5,1239794.0,295203.3
2013.0,7.0,Jul,2013-07-01,1419657.0,2013.0,7.0,Jul,1378966.0,,89.6,86.7,,230.3,251.0,193.5,138.4,1208741.0,278335.7
2008.0,10.0,Oct,2008-10-01,849400.0,2008.0,10.0,Oct,930784.0,81.1,83.3,74.3,72.6,236.3,254.8,185.5,110.3,754850.0,178412.0
2024.0,2.0,Feb,2024-02-01,1417807.0,,2.0,Feb,1840695.0,,83.3,82.5,83.7,284.9,,271.7,145.6,1531303.0,439989.4
2009.0,4.0,Apr,2009-04-01,778975.0,2009.0,4.0,Apr,905951.0,69.8,71.8,64.7,62.2,185.2,197.9,157.9,105.0,632178.0,117186.9
2024.0,8.0,Aug,2024-08-01,1539828.0,2024.0,8.0,Aug,1989129.0,87.8,88.2,86.5,88.1,273.8,298.5,254.7,150.6,1747416.0,482894.0
2010.0,2.0,Feb,2010-02-01,857387.0,2010.0,2.0,Feb,958399.0,79.5,81.5,78.4,67.3,,209.3,,98.5,762314.0,144638.0
2024.0,4.0,Apr,2024-04-01,1343319.0,2024.0,4.0,Apr,1881289.0,78.0,77.6,77.4,81.8,268.7,296.0,250.0,138.5,1466819.0,397468.1
2020.0,11.0,Nov,2020-11-01,14749.0,2020.0,11.0,Nov,898017.0,,53.3,50.7,,154.6,156.9,218.3,83.3,486441.0,75209.2
2018.0,7.0,Jul,2018-07-01,1732896.0,2018.0,7.0,Jul,1814618.0,92.4,93.7,90.4,86.6,216.3,232.7,194.7,131.3,1676452.0,362612.2
2023.0,9.0,Sep,2023-09-01,,2023.0,9.0,Sep,1839821.0,82.7,82.1,83.9,84.0,314.5,343.6,296.3,168.8,1521047.0,482855.9
2009.0,8.0,Aug,2009-08-01,844649.0,2009.0,8.0,Aug,983279.0,77.3,80.6,69.7,63.4,170.2,178.2,155.3,101.0,760550.0,129430.4
2016.0,1.0,Jan,2016-01-01,1412123.0,2016.0,1.0,Jan,,82.7,85.5,80.6,67.5,226.0,242.9,202.1,135.0,,291470.2
2022.0,10.0,Oct,2022-10-01,816833.0,2022.0,10.0,Oct,1694491.0,84.4,84.6,82.6,87.5,284.4,302.1,283.4,159.7,1430698.0,407770.5
2012.0,9.0,Sep,2012-09-01,1051348.0,,9.0,Sep,1266141.0,82.6,84.6,79.8,73.4,261.7,284.0,228.2,145.1,1045397.0,273541.9
-481.1398053480415,6.0,Jun,2019-06-01,1551847.0,2019.0,6.0,Jun,1761383.0,86.1,88.2,84.4,74.9,210.6,226.2,186.9,131.3,1517318.0,319771.6
2020.0,3.0,Mar,2020-03-01,240001.0,2020.0,3.0,Mar,1776618.0,40.2,39.8,40.0,43.4,170.6,182.0,164.3,110.4,713530.0,121760.7
2010.0,7.0,Jul,2010-07-01,1095047.0,2010.0,7.0,Jul,1140884.0,87.4,88.1,89.0,79.2,200.8,219.6,169.9,113.0,997618.0,201275.1
2027.9287431388204,6.006796446952405,Jun,2022-06-01,545597.1849967578,2007.966664905507,5.961413515827333,Jun,,78.25158728419106,77.04661761878724,76.41477558517178,84.63241470221011,243.10289883700435,257.37686801311526,247.5634850234294,132.4576278624971,1169430.0760700235,279643.37627603044
2023.0,5.0,May,2023-05-01,1112512.0,2023.0,5.0,May,1823377.0,80.7,80.1,80.9,84.6,264.2,287.4,249.6,146.7,1471897.0,392757.0
2017.0,1.0,Jan,2017-01-01,1480479.0,2017.0,1.0,Jan,1680781.0,81.8,84.5,78.6,69.8,218.2,236.5,191.6,127.5,,299878.5
2021.0,7.0,Jul,2021-07-01,18517.0,2021.0,7.0,Jul,827875.0,56.1,55.0,52.1,64.5,151.3,162.9,188.7,82.2,464342.0,70270.7
2025.0,1.0,Jan,2025-01-01,1633495.0,2025.0,1.0,Jan,1999533.0,81.8,82.3,79.7,83.5,272.2,298.0,252.9,139.8,1636385.0,448776.6
2023.0,1.0,Jan,2023-01-01,931814.0,2023.0,1.0,Jan,1665719.0,71.3,,,77.8,265.5,286.4,266.1,143.0,1187200.0,318240.6
2018.0,6.0,Jun,2018-06-01,1544679.0,2018.0,6.0,Jun,1748319.0,85.5,87.7,83.3,73.7,212.9,227.9,191.9,131.1,1494124.0,318090.4
2009.0,7.0,Jul,2009-07-01,882107.0,2009.0,7.0,Jul,981637.0,78.9,82.2,70.6,65.3,171.6,180.2,155.1,101.3,774074.0,132885.1
2020.0,4.0,Apr,2020-04-01,750.0,2020.0,4.0,Apr,1522885.0,40.4,39.6,41.2,44.2,88.7,91.1,91.7,69.6,615760.0,54612.1
2016.0,6.0,Jun,2016-06-01,1270531.0,2016.0,6.0,Jun,1549090.0,79.8,82.3,77.9,67.0,211.9,229.2,188.0,124.3,1235834.0,261839.5
2016.0,9.0,Sep,2016-09-01,1144063.0,2016.0,9.0,Sep,,,83.5,75.1,,239.1,262.7,197.8,134.4,1324049.0,316679.9
2015.0,1.0,Jan,2015-01-01,1252608.0,2015.0,1.0,Jan,1485768.0,81.2,84.9,77.9,65.4,236.7,258.4,204.5,136.4,1206938.0,286654.9
2024.0,6.0,Jun,2024-06-01,1250293.0,2024.0,6.0,Jun,1901384.0,76.9,76.8,75.7,80.1,260.2,284.6,243.7,141.1,1462537.0,383067.9
2013.0,1.0,Jan,2013-01-01,1291718.0,,1.0,Jan,1326755.0,83.8,86.1,81.1,73.1,237.9,257.7,206.9,138.0,1111834.0,264458.2
2017.0,11.0,Nov,2017-11-01,1397330.0,2017.0,11.0,Nov,1695540.0,85.2,87.5,83.3,72.6,216.2,236.0,182.4,129.4,1444128.0,312208.5
2011.0,10.0,Oct,2011-10-01,5197499.1388733,2011.0,10.0,Oct,1271547.0,85.7,,82.1,73.0,238.4,260.0,193.5,135.1,1089395.0,259687.7
2009.0,5.0,May,2009-05-01,,2009.0,,May,936252.0,67.9,70.1,61.9,60.6,180.6,193.3,151.2,103.5,635397.0,114735.2
2018.0,8.0,Aug,2018-08-01,1683122.0,2018.0,8.0,Aug,1817814.0,91.5,93.5,89.9,80.4,217.7,235.0,191.3,129.9,1663784.0,362218.0
,4.0,Apr,2021-04-01,25737.0,2021.0,4.0,Apr,1011827.0,52.7,53.1,49.6,54.4,155.9,165.2,197.8,78.6,533251.0,83131.9
2017.0,12.0,Dec,2017-12-01,1569616.0,2017.0,12.0,Dec,1752510.0,79.6,81.2,79.1,69.8,221.2,,197.4,136.1,1395744.0,308692.4
2014.0,11.0,Nov,2014-11-01,1144230.0,2014.0,11.0,Nov,1457179.0,85.0,88.6,81.0,70.0,238.0,260.8,204.8,133.6,1238208.0,294705.7
2020.0,1.0,Jan,2020-01-01,1688102.0,2020.0,1.0,Jan,1926285.0,83.0,84.7,81.7,72.6,231.1,245.2,216.8,144.4,1597859.0,369259.6
2015.0,10.0,Oct,2015-10-01,1246947.0,2015.0,10.0,Oct,1567755.0,86.6,89.1,83.3,75.7,237.1,258.7,,137.2,,321753.5
2022.0,1.0,Jan,2022-01-01,57174.0,2022.0,1.0,Jan,959793.0,57.5,53.9,59.4,67.8,184.9,,190.9,107.0,552185.0,102164.8
2019.0,12.0,Dec,2019-12-01,1724961.0,2019.0,12.0,Dec,1912817.0,83.0,85.7,80.1,69.2,,244.6,227.2,150.0,1587373.0,
2014.0,2.0,Feb,2014-02-01,1238239.0,2014.0,2.0,Feb,1299191.0,87.8,91.5,82.8,71.9,257.3,278.3,223.1,148.7,1140438.0,293485.1
2017.0,6.0,Jun,2017-06-01,1387601.0,2017.0,6.0,Jun,1623300.0,83.8,86.1,82.1,71.3,210.5,227.1,190.5,123.8,1359593.0,286297.0
2017.0,5.0,May,2017-05-01,1363897.0,2017.0,5.0,May,1691872.0,82.3,84.4,80.5,72.3,208.9,227.9,181.7,123.7,1392052.0,290820.5
2020.0,7.0,Jul,2020-07-01,6843.0,,7.0,Jul,673407.0,,70.7,59.9,61.8,83.4,79.9,117.0,58.6,447085.0,37825.8
2012.0,8.0,Aug,2012-08-01,1313604.0,2012.0,8.0,Aug,1284335.0,87.7,89.1,86.7,79.4,238.4,257.9,207.2,141.2,1126294.0,268563.2
2021.0,10.0,Oct,2021-10-01,24006.0,2021.0,10.0,Oct,788834.0,64.4,62.1,63.5,72.1,159.5,171.0,196.5,88.5,507708.0,81555.6
2013.0,10.0,Oct,2013-10-01,1203746.0,2013.0,10.0,Oct,,85.8,88.6,83.7,69.8,242.3,262.3,208.9,139.6,1221198.0,295958.1
2021.0,12.0,Dec,2021-12-01,92796.0,2021.0,12.0,Dec,792231.0,74.3,69.3,,,223.8,244.3,256.4,133.6,588766.0,131882.5
2017.0,2.0,Feb,2017-02-01,,2017.0,,Feb,1530594.0,88.0,90.8,85.2,74.8,218.4,237.9,187.2,128.2,1347347.0,
2018.0,,May,2018-05-01,1470891.0,2018.0,5.0,May,1806810.0,82.6,84.6,80.3,73.1,207.0,223.0,184.8,127.2,,308845.3
2014.0,8.0,Aug,2014-08-01,1362935.0,2014.0,8.0,Aug,1495172.0,89.4,92.0,88.1,75.6,239.6,262.1,208.5,140.5,1336287.0,320136.6
2015.0,3.0,Mar,2015-03-01,1201648.0,2015.0,3.0,Mar,1508222.0,83.2,86.5,80.3,68.0,233.7,255.2,200.8,133.0,1255330.0,293344.8
2015.0,12.0,Dec,2015-12-01,1424978.0,2015.0,12.0,Dec,1553306.0,80.0,82.7,,70.0,,250.5,211.1,134.5,1243309.0,289347.2
,10.0,Oct,2025-10-01,1379077.0,2025.0,10.0,Oct,2037672.0,84.8,85.1,82.3,87.6,311.3,344.1,283.8,152.6,,541280.2
2017.0,10.0,Oct,2017-10-01,1402299.0,2017.0,10.0,Oct,1752029.0,83.1,85.6,81.4,69.9,217.9,236.6,,132.2,1456452.0,
2011.0,3.0,Mar,2011-03-01,,2011.0,3.0,Mar,1228152.0,86.6,87.4,86.0,81.7,228.2,249.0,191.8,122.6,1064069.0,242874.3
2010.0,1.0,Jan,2010-01-01,908495.0,2010.0,1.0,Jan,1035954.0,80.7,82.8,78.2,67.8,180.0,195.3,150.3,99.0,835637.0,150752.9
-2013.0,8.0,Aug,2013-08-01,1483520.0,2013.0,8.0,Aug,1375002.0,89.0,90.9,87.6,78.5,238.3,258.1,206.6,143.4,1224045.0,291755.8
,6.0,Jun,2023-06-01,,2023.0,6.0,Jun,1772517.0,81.1,80.3,82.3,84.2,260.5,282.3,248.9,143.2,1436929.0,378026.9
2024.0,7.0,Jul,2024-07-01,1602603.0,2024.0,7.0,Jul,1985856.0,89.4,89.4,89.3,89.5,269.2,290.9,255.7,155.4,1775077.0,482415.8
2008.0,11.0,Nov,2008-11-01,765325.0,2008.0,11.0,Nov,899079.0,79.8,81.7,74.2,72.0,229.9,247.9,181.7,108.4,717551.0,164945.1
2018.0,,Jan,2018-01-01,1563359.0,2018.0,,Jan,1736362.0,83.4,85.8,81.6,70.2,214.1,230.4,189.7,133.1,1448484.0,310182.6
2010.0,6.0,Jun,2010-06-01,951032.0,2010.0,6.0,Jun,1019067.0,87.9,88.8,88.8,,208.3,230.6,172.4,108.3,895331.0,186661.4
2020.0,10.0,Oct,2020-10-01,13399.0,2020.0,10.0,Oct,899779.0,57.6,56.5,56.1,63.8,143.5,144.0,199.2,78.7,518190.0,74360.3
2013.0,9.0,Sep,2013-09-01,1176142.0,,9.0,Sep,1377181.0,82.6,85.2,79.8,,254.9,278.1,213.0,148.9,1137335.0,289885.2
2014.0,4.0,Apr,2014-04-01,,2014.0,4.0,Apr,1427965.0,81.7,,78.9,69.4,245.2,266.0,214.5,143.1,1166186.0,285931.0
2008.0,6.0,Jun,2008-06-01,822954.0,2008.0,6.0,Jun,877230.0,81.4,81.9,79.9,79.9,245.1,266.9,197.4,106.2,714293.0,177628.7
2012.0,,Sep,2012-09-01,1051348.0,2012.0,9.0,Sep,,82.6,84.6,79.8,73.4,261.7,284.0,228.2,145.1,1045397.0,
2017.0,7.0,Jul,2017-07-01,1632135.0,2017.0,7.0,Jul,1682909.0,91.5,92.9,90.9,83.5,,234.5,186.1,139.8,1540486.0,333504.8
2019.0,8.0,Aug,2019-08-01,1736102.0,2019.0,,Aug,1832265.0,92.4,94.0,91.5,82.4,,241.5,200.2,142.4,1693776.0,383423.8
2023.0,7.0,Jul,2023-07-01,,2023.0,7.0,Jul,1833463.0,90.3,90.0,90.9,,282.0,,270.9,160.8,1655533.0,472507.8
2013.0,6.0,Jun,2013-06-01,1288950.0,2013.0,6.0,Jun,1332600.0,87.0,,85.4,76.8,241.2,263.6,203.7,139.9,1159161.0,279590.1
2019.0,11.0,Nov,2019-11-01,1533668.0,2019.0,11.0,Nov,1846820.0,88.8,91.4,86.4,75.0,224.5,238.3,210.1,134.4,1640436.0,368506.3
2024.0,3.0,Mar,2024-03-01,1464865.0,2024.0,3.0,Mar,1953955.0,83.4,83.4,82.7,84.8,290.5,315.6,275.8,161.5,1629847.0,
2019.0,30.684841644065894,May,2019-05-01,1487791.0,2019.0,5.0,May,1811517.0,82.0,83.8,80.7,71.4,206.5,222.3,183.4,127.3,1485293.0,306710.4
2010.0,25.688962566564335,Aug,2010-08-01,996899.0,2010.0,8.0,Aug,1208017.0,82.3,82.9,84.7,72.7,211.7,230.4,177.5,120.8,994352.0,211057.5
2009.0,1.0,Jan,2009-01-01,772138.0,2009.0,1.0,Jan,,66.3,68.7,60.0,55.9,205.2,216.4,180.4,122.6,619834.0,127165.0
2010.0,12.0,Dec,2010-12-01,1127581.0,2010.0,12.0,Dec,1218247.0,83.2,83.9,83.9,76.3,,229.0,185.3,126.7,1013836.0,216222.3
2010.0,5.0,May,2010-05-01,946676.0,2010.0,5.0,May,1057275.0,85.7,87.0,85.0,77.4,199.8,220.4,166.8,104.6,906371.0,181294.0
,7.0,Jul,2011-07-01,1273870.0,2011.0,7.0,Jul,1215300.0,92.8,,89.8,88.2,233.0,252.7,199.6,127.8,1127938.0,263089.6
2005.4002707186285,4.9802060501834795,May,2011-05-01,1059725.6659747858,2025.8516221034654,4.973024616842787,May,1198987.5158609739,84.30330623992384,85.8437142394454,82.80878602420192,79.65000963869159,228.5173847023205,249.1514542376616,196.06109687689843,125.45958150709265,1019690.5601191787,237792.3687537126
2017.0,8.0,Aug,2017-08-01,1559283.0,2017.0,8.0,Aug,1712016.0,89.4,91.2,88.6,78.2,220.0,,186.9,130.6,1529795.0,336563.9
2020.0,12.0,Dec,2020-12-01,24170.0,2020.0,12.0,Dec,977156.0,62.0,65.3,57.9,54.8,186.6,186.0,252.6,105.0,606305.0,113156.2
-2012.0,4.0,Apr,2012-04-01,1201953.0,2012.0,4.0,Apr,1243938.0,84.7,86.0,83.1,77.9,245.6,267.5,,141.1,1053022.0,258644.6
2019.0,1.0,Jan,2019-01-01,1624593.0,2019.0,,Jan,1830834.0,,86.7,83.4,72.7,215.9,231.3,193.1,136.2,1550957.0,334808.5
2023.0,3.0,Mar,2023-03-01,1021040.0,2023.0,3.0,Mar,1726963.0,80.0,79.9,78.4,84.7,258.4,278.8,254.4,142.4,1382410.0,360650.1
2014.0,5.0,May,2014-05-01,1208532.0,2014.0,5.0,May,1480270.0,81.6,84.7,77.9,68.7,238.8,261.3,202.2,133.4,1208510.0,288566.8
2011.0,-6.0,Jun,2011-06-01,1080066.0,2011.0,6.0,Jun,1168526.0,87.9,89.6,84.7,80.3,237.4,257.7,199.7,129.6,1026884.0,243800.9
2016.0,2.0,Feb,2016-02-01,,2016.0,,Feb,1470105.0,84.3,87.5,81.6,68.0,,,212.1,140.5,1239794.0,295203.3
2019.0,9.0,Sep,2019-09-01,1463543.0,2019.0,9.0,Sep,1828671.0,87.1,89.4,85.2,74.6,,251.0,216.6,143.5,1593343.0,375892.7
2014.0,7.0,Jul,2014-07-01,1408400.0,2014.0,7.0,Jul,1466191.0,88.2,90.9,87.0,73.3,234.8,255.1,205.8,139.2,1292656.0,303490.2
2019.0,4.0,Apr,2019-04-01,1596724.0,2019.0,4.0,Apr,1767049.0,85.4,87.3,83.7,75.5,215.0,232.1,189.3,131.8,1509500.0,324915.0
2010.0,3.0,Mar,2010-03-01,928903.0,2010.0,3.0,Mar,1053995.0,87.2,89.1,86.7,74.1,192.4,212.8,157.6,98.6,918563.0,177083.3
2025.0,8.0,Aug,2025-08-01,1609320.0,2025.0,8.0,Aug,2043706.0,89.6,90.0,88.3,90.0,274.8,300.7,254.4,145.8,1831689.0,507422.6
2022.0,,Apr,2022-04-01,295095.0,2022.0,4.0,Apr,1315682.0,66.4,65.9,65.0,71.9,207.2,225.4,,113.9,873546.0,181792.1
,3.0,Mar,2021-03-01,27202.0,2021.0,3.0,Mar,1048233.0,51.4,51.5,48.3,54.6,150.6,158.8,192.1,79.1,539089.0,81373.0
2008.0,1.0,Jan,2008-01-01,885290.0,2008.0,1.0,Jan,886159.0,84.2,85.1,80.9,81.1,235.9,252.2,201.1,110.0,745964.0,176098.3
,3.0,Mar,2008-03-01,910635.0,2008.0,3.0,Mar,903456.0,86.3,87.2,83.8,82.0,237.2,256.9,194.5,103.1,779884.0,187570.5
2014.0,6.0,Jun,2014-06-01,1181422.0,2014.0,6.0,Jun,1425946.0,83.5,86.0,81.0,71.6,236.4,257.5,206.3,135.5,1189990.0,281334.2
2011.0,11.0,Nov,2011-11-01,1027787.0,2011.0,11.0,Nov,,87.7,90.3,83.9,75.1,241.5,261.9,204.8,134.2,1084958.0,262033.4
2016.0,5.0,May,2016-05-01,1357543.0,2016.0,5.0,May,1556056.0,83.0,84.9,,75.8,218.3,237.7,186.0,137.2,1292030.0,282056.9
2017.0,4.0,Apr,2017-04-01,1470750.0,2017.0,4.0,Apr,,85.1,87.2,82.7,76.2,214.1,232.7,190.1,128.0,1393170.0,298252.0
2063.5530202465266,7.0,Jul,2019-07-01,1802593.0,2019.0,7.0,Jul,1837350.0,93.9,95.2,92.6,87.0,218.7,234.6,195.9,138.4,1725297.0,377573.2
,9.0,Sep,2021-09-01,19009.0,2021.0,9.0,Sep,774563.0,65.1,65.6,61.0,68.7,154.5,164.6,193.3,83.7,504266.0,77910.1
2015.0,7.0,Jul,2015-07-01,1519233.0,2015.0,7.0,Jul,1512036.0,89.9,91.9,87.2,81.9,225.7,247.3,197.6,129.6,1358614.0,306594.7
-213.21563252058615,2.0,Feb,2015-02-01,1188818.0,2015.0,2.0,Feb,1361242.0,83.7,87.2,81.2,66.3,234.3,253.7,208.1,136.2,1139015.0,268063.7
2021.0,6.0,Jun,2021-06-01,10029.0,2021.0,6.0,Jun,828799.0,54.6,,48.3,58.1,144.9,158.3,171.3,77.5,452894.0,66144.3
2020.0,9.0,Sep,2020-09-01,9500.0,2020.0,9.0,Sep,826251.0,63.1,62.3,62.4,67.5,125.7,126.1,166.7,75.0,521554.0,65589.1
2016.0,3.0,Mar,2016-03-01,1406607.0,2016.0,3.0,Mar,1566272.0,83.4,86.0,81.1,69.7,223.3,241.9,193.8,132.5,1305892.0,291642.6
2011.0,1.0,Jan,2011-01-01,1055990.0,2011.0,1.0,Jan,1212155.0,82.0,83.0,82.5,72.6,220.7,239.5,183.3,128.4,994050.0,220511.5
2023.0,-0.37492466931838014,Feb,2023-02-01,957844.0,,2.0,Feb,1527428.0,85.1,85.2,83.7,86.9,266.0,286.9,260.0,144.2,1299656.0,349610.3
2013.0,2.0,Feb,2013-02-01,1221365.0,2013.0,2.0,Feb,1204171.0,84.9,87.9,81.0,70.4,238.0,254.4,213.0,147.0,1021872.0,243203.5
2009.0,11.0,Nov,2009-11-01,830173.0,2009.0,11.0,Nov,981592.0,,87.1,79.6,65.8,192.4,204.6,166.2,103.2,826755.0,159118.3
2025.0,6.0,Jun,2025-06-01,1245947.0,2025.0,6.0,Jun,1951399.0,75.1,74.4,75.0,80.1,253.9,282.8,228.2,125.8,1464544.0,
2023.0,4.0,Apr,2023-04-01,-152886.2804131794,2023.0,4.0,Apr,1731007.0,79.0,78.1,79.9,83.3,264.8,285.2,259.3,149.9,1367049.0,365627.5
2010.0,10.0,Oct,2010-10-01,978913.0,2010.0,10.0,Oct,1215498.0,84.6,86.0,84.6,72.8,212.8,229.9,179.3,125.5,1027801.0,219421.6
2008.0,12.0,Dec,2008-12-01,888001.0,2008.0,12.0,Dec,924389.0,72.7,73.6,68.7,73.2,212.5,227.5,,107.0,671735.0,142719.4
-2012.0,4.0,Apr,2012-04-01,1201953.0,2012.0,4.0,Apr,1243938.0,84.7,86.0,83.1,77.9,245.6,267.5,209.0,141.1,1053022.0,258644.6
2039.4223540997127,-10.046391613517127,Oct,2023-10-01,1118075.5855715338,2021.9032089295185,9.941237232903685,Oct,1899186.069228169,77.61575908125302,77.15895789172859,78.82839562459043,80.5883864997002,268.35018033392834,291.24848589965256,257.1229866586661,144.7240573307184,1483429.7425675755,400875.95120328927
2008.0,7.0,Jul,2008-07-01,922569.0,,7.0,Jul,901954.0,84.4,85.2,81.6,81.0,236.6,252.8,202.6,110.8,761225.0,180123.9
2010.0,4.0,Apr,2010-04-01,939013.0,2010.0,4.0,Apr,1016131.0,84.7,86.3,83.9,74.3,199.6,219.9,167.9,102.5,860399.0,171834.9
2019.0,10.0,Oct,2019-10-01,1530479.0,2019.0,10.0,Oct,1911073.0,86.9,89.3,84.6,74.3,223.6,238.4,206.4,135.1,1661171.0,372207.6
2016.0,12.0,Dec,2016-12-01,1506134.0,2016.0,12.0,Dec,1688321.0,79.6,,77.3,71.2,217.2,240.8,176.7,131.0,1344107.0,298052.6
2017.0,1.0,Jan,2017-01-01,1480479.0,2017.0,1.0,Jan,1680781.0,81.8,84.5,78.6,69.8,218.2,236.5,191.6,127.5,1374330.0,299878.5
2021.0,1.0,Jan,2021-01-01,,,1.0,Jan,1025455.0,44.3,43.9,43.5,47.0,150.8,,183.8,82.3,454413.0,68551.6
2008.0,5.0,May,2008-05-01,833604.0,2008.0,5.0,May,900704.0,81.1,,78.5,79.3,244.2,265.4,197.2,105.0,730766.0,180126.8
2018.0,3.0,Mar,2018-03-01,1584406.0,2018.0,3.0,Mar,1764808.0,87.2,89.8,85.1,73.2,220.1,237.3,193.8,131.5,1538947.0,338739.1
2010.0,9.0,Sep,2010-09-01,947585.0,2010.0,9.0,Sep,1167836.0,80.4,81.8,79.6,70.7,231.5,247.5,195.2,161.0,938865.0,217845.4
2021.0,8.0,Aug,2021-08-01,15887.0,2021.0,8.0,Aug,826277.0,56.1,56.0,52.3,61.2,151.7,,,81.8,463347.0,70278.6
2013.0,3.0,Mar,2013-03-01,1368891.0,,3.0,Mar,1352033.0,87.2,89.5,84.1,77.1,238.9,259.0,208.0,138.3,1179190.0,281744.7
2018.0,9.0,Sep,2018-09-01,,2018.0,9.0,Sep,1770305.0,85.3,87.9,83.8,70.6,229.0,245.3,206.3,139.0,1510715.0,345938.6
2025.0,,Mar,2025-03-01,1296605.0,2025.0,3.0,Mar,1986544.0,76.1,76.1,74.3,80.7,264.4,288.3,247.8,147.1,1512670.0,402339.5
2022.0,5.0,May,2022-05-01,418458.0,2022.0,5.0,May,1422659.0,72.8,72.0,70.9,81.4,223.4,244.1,219.5,121.9,1035300.0,
2013.0,11.0,Nov,2013-11-01,1184002.0,2013.0,11.0,Nov,1387511.0,85.3,88.0,83.2,71.1,238.9,260.8,201.3,,1184077.0,282871.2
2022.0,8.0,Aug,2022-08-01,728744.0,2022.0,8.0,Aug,1614058.0,77.1,77.5,74.3,81.0,,266.4,246.2,143.8,1245159.0,311521.3
2013.0,5.0,May,2013-05-01,1288282.0,2013.0,5.0,May,1370627.0,83.7,85.8,82.0,72.3,236.2,257.1,201.4,138.7,,270986.3
2011.0,9.0,Sep,2011-09-01,1033747.0,2011.0,9.0,Sep,1231051.0,83.9,86.8,78.8,71.8,256.3,279.0,209.7,147.1,1032771.0,264679.1
2020.0,5.0,May,2020-05-01,880.0,2020.0,5.0,May,1001913.0,59.3,62.5,54.7,,64.5,64.2,,,593689.0,38270.2
2011.0,5.0,May,2011-05-01,1054104.0,2011.0,5.0,May,1209670.0,84.4,85.3,83.2,79.9,230.5,250.5,196.6,126.5,1021540.0,235525.5
2018.0,4.0,Apr,2018-04-01,5493447.496467913,2018.0,4.0,Apr,,85.2,87.0,83.6,76.2,219.8,236.5,198.6,132.6,1495282.0,328990.2
2009.0,12.0,Dec,2009-12-01,972233.0,2009.0,12.0,Dec,1011345.0,79.9,81.6,76.3,72.1,173.2,182.7,,102.3,808403.0,140046.4
2022.0,3.0,Mar,2022-03-01,121207.0,2022.0,3.0,Mar,1319142.0,60.6,,61.7,73.1,192.3,211.1,196.7,107.1,799174.0,154392.1
2022.0,11.0,Nov,2022-11-01,816340.0,2022.0,11.0,Nov,1612464.0,85.8,86.3,83.3,88.2,281.5,297.7,,,1383855.0,389568.2
2014.0,10.0,Oct,2014-10-01,1203527.0,2014.0,10.0,Oct,1491828.0,84.8,88.2,82.1,69.3,237.8,259.3,207.7,140.2,1264826.0,300834.1
2011.0,,Apr,2011-04-01,1103320.0,2011.0,4.0,Apr,1173176.0,85.7,,85.7,80.9,226.5,246.2,194.1,124.7,1005640.0,227818.4
2026.0,1.0,Jan,2026-01-01,,2026.0,1.0,Jan,2034797.0,81.6,82.3,78.2,84.1,,297.3,246.2,141.1,1659737.0,451740.4
2011.0,12.0,Dec,2011-12-01,1216637.0,2011.0,12.0,Dec,1269619.0,82.3,84.1,79.1,74.7,236.1,254.5,207.4,136.1,1044875.0,246644.7
2015.0,11.0,Nov,2015-11-01,1203992.0,2015.0,11.0,Nov,1518158.0,82.9,85.5,79.6,72.0,227.8,248.8,196.1,,1259304.0,286892.2
2022.0,6.0,Jun,2022-06-01,543733.0,2022.0,6.0,Jun,,78.1,,75.8,84.8,241.5,256.9,,132.9,1163500.0,282461.0
2011.0,8.0,Aug,2011-08-01,1178511.0,2011.0,8.0,Aug,1267432.0,83.0,85.2,79.5,73.1,226.4,246.0,190.4,131.3,1051400.0,238108.2
2020.0,,Feb,2020-02-01,732966.0,2020.0,2.0,Feb,1694775.0,49.1,49.5,,45.7,224.3,240.0,203.3,154.0,831421.0,186474.1
2053.1094385520346,2.0,Feb,2025-02-01,1377513.0,2025.0,2.0,Feb,1805690.0,83.8,84.4,81.5,85.0,274.4,301.3,252.8,138.5,1513710.0,418034.3
2008.0,4.0,Apr,2008-04-01,829438.0,,4.0,Apr,870588.0,83.0,83.8,80.0,80.5,251.6,274.2,200.5,105.7,722829.0,184276.3
2016.0,10.0,Oct,2016-10-01,1237675.0,2016.0,10.0,Oct,1690949.0,80.5,83.3,76.1,69.5,218.6,238.3,184.8,130.4,1360435.0,297339.9
2012.0,6.0,Jun,2012-06-01,1157739.0,2012.0,6.0,Jun,1250524.0,86.5,88.5,84.7,75.5,244.3,267.4,200.5,138.7,1081840.0,264327.5
2019.0,,Feb,2019-02-01,1499051.0,2019.0,2.0,Feb,1658376.0,88.5,90.9,87.4,73.0,224.1,239.2,203.5,,1467338.0,328912.2
2025.0,4.0,Apr,2025-04-01,1403644.0,,4.0,Apr,1936839.0,78.6,78.2,77.5,83.7,262.3,289.7,240.6,135.2,1522404.0,402259.3
2022.0,9.0,Sep,2022-09-01,782215.0,2022.0,9.0,Sep,1639052.0,82.8,82.8,82.3,84.4,283.7,301.9,281.8,,1357836.0,386781.0
2025.0,9.0,Sep,2025-09-01,1254346.0,,9.0,Sep,1964400.0,81.0,81.6,78.2,82.9,272.9,296.2,255.2,151.8,1591488.0,436605.4
2012.0,2.0,Feb,2012-02-01,1134554.0,2012.0,2.0,Feb,1191532.0,88.5,90.3,85.8,79.4,251.2,275.7,202.0,137.9,1054454.0,264886.8
2014.0,9.0,Sep,2014-09-01,1098626.0,2014.0,9.0,Sep,1433528.0,82.6,86.5,,66.0,255.7,280.9,217.8,144.1,1183472.0,302642.7
2010.0,11.0,Nov,2010-11-01,964170.0,2010.0,11.0,Nov,1185688.0,87.0,88.7,86.0,75.6,215.9,233.8,181.9,124.1,1031973.0,223472.1
2008.0,8.0,Aug,2008-08-01,850016.0,2008.0,8.0,Aug,906200.0,79.8,80.9,76.6,74.9,230.5,246.0,198.2,108.8,723528.0,166743.0
2017.0,3.0,Mar,2017-03-01,1480161.0,,3.0,Mar,1705750.0,84.7,87.1,82.2,72.9,214.6,234.2,184.6,124.2,1444293.0,310003.4
2015.0,8.0,Aug,2015-08-01,1445062.0,2015.0,8.0,Aug,1553284.0,90.7,92.5,89.0,82.1,,255.6,202.7,131.9,1408604.0,
2014.0,12.0,Dec,2014-12-01,1360541.0,2014.0,12.0,Dec,1500726.0,81.1,,76.3,70.9,242.9,264.5,217.4,137.9,1217475.0,295745.6
2024.0,12.0,Dec,2024-12-01,1390641.0,2024.0,12.0,Dec,1986279.0,75.1,74.6,74.3,80.4,275.3,302.8,,141.9,1491949.0,414055.5
-2025.0,5.0,May,2025-05-01,,,,May,2011548.0,79.7,79.5,78.4,83.7,264.1,292.2,238.1,136.9,1602449.0,
2015.0,6.0,Jun,2015-06-01,1184747.0,2015.0,6.0,Jun,1462047.0,83.8,86.4,80.6,73.9,227.6,250.2,196.6,127.2,1224995.0,278802.6
2008.0,9.0,Sep,2008-09-01,745794.0,2008.0,9.0,Sep,883702.0,73.8,75.5,68.0,67.6,298.6,323.1,231.9,,652343.0,194819.3
2009.0,2.0,Feb,2009-02-01,689935.0,2009.0,2.0,Feb,,74.4,77.6,67.0,58.5,202.6,214.2,174.0,116.9,629067.0,127432.3
2012.0,12.0,Dec,2012-12-01,1360536.0,2012.0,12.0,Dec,1332988.0,,84.1,,77.4,243.3,262.3,221.1,141.9,1105045.0,268803.5
2024.0,5.0,May,2024-05-01,1277160.0,2024.0,5.0,May,1977619.0,78.8,78.3,78.8,82.3,270.7,298.7,249.3,135.7,1557641.0,425027.7
2018.0,,Dec,2018-12-01,1603217.0,2018.0,12.0,Dec,1837453.0,80.7,82.5,79.5,,222.0,237.5,201.8,,1483662.0,329307.6
2009.0,6.0,Jun,2009-06-01,750404.0,2009.0,6.0,Jun,920686.0,75.0,78.0,67.6,62.7,175.5,186.8,149.3,98.4,690753.0,121273.2
2021.0,11.0,Nov,2021-11-01,41179.0,2021.0,11.0,Nov,743198.0,,78.2,74.3,82.4,174.0,185.8,209.2,103.4,579783.0,101263.9
,1.0,Jan,2014-01-01,1345842.0,2014.0,,Jan,1437661.0,80.2,83.9,74.7,65.8,238.1,256.8,210.9,135.9,1152949.0,274572.7
2024.0,9.0,Sep,2024-09-01,,2024.0,9.0,Sep,1933137.0,83.1,83.2,81.7,85.2,,343.5,288.2,165.0,1606398.0,506961.5
2019.0,,Mar,2019-03-01,1564664.0,2019.0,3.0,Mar,1828569.0,84.3,86.8,81.9,71.1,214.8,231.9,186.0,132.6,1541773.0,331225.1
2024.0,-1.0,Jan,2024-01-01,1419956.0,2024.0,1.0,Jan,1961247.0,78.0,77.5,77.4,,268.8,294.3,250.0,144.4,1530018.0,414240.8
-481.1398053480415,6.0,Jun,2019-06-01,1551847.0,2019.0,6.0,Jun,1761383.0,86.1,88.2,84.4,74.9,210.6,226.2,186.9,131.3,1517318.0,319771.6
2013.0,24.84014933996225,Apr,2013-04-01,1274246.0,2013.0,4.0,Apr,1326088.0,83.4,85.2,82.9,72.5,236.3,257.3,202.6,138.4,1106136.0,261385.8
2012.0,,Jul,2012-07-01,1283611.0,2012.0,7.0,Jul,1293178.0,90.0,91.3,,82.8,238.0,259.0,202.5,140.5,1163585.0,276940.4
2016.0,12.0,Dec,2016-12-01,,2016.0,12.0,Dec,1688321.0,79.6,81.5,77.3,71.2,217.2,240.8,176.7,131.0,1344107.0,298052.6
2012.0,3.0,Mar,2012-03-01,1243133.0,2012.0,3.0,Mar,1270625.0,87.2,89.2,84.1,77.9,239.6,262.0,194.1,134.9,1108491.0,266131.2
2022.0,7.0,Jul,2022-07-01,726739.0,2022.0,7.0,Jul,1542167.0,79.1,,76.4,85.6,258.5,277.4,259.3,142.3,1220488.0,316633.3
2023.0,11.0,Nov,2023-11-01,1100459.0,2023.0,11.0,Nov,1872902.0,78.3,77.9,78.3,80.7,267.2,292.4,252.0,141.0,1466392.0,
2023.0,-10.0,Oct,2023-10-01,1125964.0,2023.0,10.0,Oct,,77.7,77.0,78.6,80.4,267.6,291.5,254.6,143.4,,401077.4
1999.90637880823,6.965790299693298,Jul,2013-07-01,1428445.52793619,2002.3405846441278,6.973718050046831,Jul,1382606.8973339128,88.00842554388325,,87.17272780939723,75.8975071525497,231.08118964991303,251.90426229413936,193.02970375889032,138.62275481859177,1200774.8634693257,277227.10621021356
,10.0,Oct,2024-10-01,1314493.0,2024.0,10.0,Oct,1969791.0,81.2,81.4,79.5,83.6,270.4,297.2,247.7,144.0,1599072.0,435596.4
2022.0,2.0,Feb,2022-02-01,67765.0,2022.0,2.0,Feb,886503.0,62.7,60.1,61.6,74.2,193.1,215.8,204.4,107.4,555599.0,107563.2
2012.0,11.0,Nov,2012-11-01,1212079.0,2012.0,11.0,Nov,1291686.0,88.3,89.9,86.1,81.0,241.5,263.1,209.2,136.6,1140291.0,275382.6
2012.0,1.0,Jan,2012-01-01,1198507.0,2012.0,1.0,Jan,1271372.0,81.0,83.7,76.8,68.6,234.5,,197.0,135.0,1030023.0,241543.9
2015.0,5.0,May,2015-05-01,1222836.0,2015.0,5.0,May,1497890.0,82.5,84.2,81.0,74.8,224.1,248.0,189.9,124.8,1236380.0,
2009.0,10.0,Oct,2009-10-01,844953.0,2009.0,,Oct,1007103.0,81.7,84.6,75.9,65.3,,188.1,159.7,99.9,822554.0,146802.0
2012.0,10.0,Oct,2012-10-01,1192580.0,2012.0,10.0,Oct,1318609.0,85.8,,83.3,75.3,244.3,263.5,217.3,139.8,1131439.0,276371.8
2021.0,5.0,May,2021-05-01,,2021.0,5.0,May,943499.0,52.9,53.5,46.1,58.2,,149.8,177.6,71.2,499484.0,69425.8
2016.0,5.0,May,2016-05-01,1357543.0,2016.0,5.0,May,1556056.0,83.0,84.9,,75.8,218.3,237.7,186.0,137.2,1292030.0,282056.9
2023.0,8.0,Aug,2023-08-01,1312693.0,,8.0,Aug,1853198.0,86.3,85.9,86.7,87.8,276.9,301.8,260.4,155.0,1598823.0,447521.0
2023.0,12.0,Dec,2023-12-01,1231565.0,2023.0,12.0,Dec,1927619.0,73.9,72.7,75.8,78.2,276.5,,262.5,,1425456.0,397733.2
2018.0,10.0,Oct,2018-10-01,1467380.0,2018.0,10.0,Oct,1833163.0,86.4,88.7,84.1,74.5,219.4,235.6,196.9,133.8,1583262.0,347408.2
2011.0,2.0,Feb,2011-02-01,990118.0,2011.0,2.0,Feb,,82.9,84.4,82.2,71.9,221.7,242.1,178.6,125.5,921218.0,204522.6
2021.0,2.0,Feb,2021-02-01,3615303.6688108942,2021.0,2.0,Feb,957525.0,44.2,43.8,42.6,47.5,152.4,161.1,190.8,78.8,422936.0,64460.5
2025.0,12.0,Dec,2025-12-01,1363999.0,2025.0,12.0,Dec,2020636.0,76.5,77.0,73.0,80.9,280.4,,258.3,145.7,1545544.0,436211.7
2008.0,2.0,Feb,2008-02-01,813028.0,2008.0,2.0,Feb,845049.0,79.0,79.2,78.3,78.6,254.3,277.6,204.7,104.5,667755.0,171955.1
2012.0,5.0,May,2012-05-01,1146448.0,2012.0,5.0,May,1278977.0,83.6,85.6,80.9,74.1,238.5,259.5,202.4,136.2,1068702.0,
2020.0,6.0,Jun,2020-06-01,2171.0,2020.0,6.0,Jun,,57.0,61.5,46.7,52.1,64.9,65.9,72.5,50.9,514964.0,33441.7
2018.0,11.0,Nov,2018-11-01,1406985.0,2018.0,11.0,Nov,1771864.0,84.9,87.3,83.0,72.3,218.6,235.7,194.3,127.8,1505190.0,329039.9
2020.0,8.0,Aug,2020-08-01,8912.0,2020.0,8.0,Aug,817726.0,64.8,63.9,66.8,65.6,121.0,124.3,149.0,72.6,529518.0,64049.2
2016.0,8.0,Aug,2016-08-01,1481876.0,2016.0,8.0,Aug,1658092.0,87.2,89.6,84.0,77.5,224.0,245.1,191.4,129.8,1446341.0,323993.8
2016.0,-0.967833338184126,Apr,2016-04-01,1393972.0,2016.0,4.0,Apr,1515327.0,85.0,87.3,81.8,,224.7,243.9,196.2,132.4,1287304.0,289765.2
2017.0,9.0,Sep,2017-09-01,1320050.0,2017.0,9.0,Sep,1695038.0,84.3,86.8,82.1,72.1,229.1,250.8,193.3,134.1,1429542.0,327636.3
2015.0,4.0,Apr,2015-04-01,1208624.0,2015.0,4.0,Apr,1449362.0,80.8,83.1,79.5,69.0,228.5,251.5,193.3,,1171392.0,267758.5
2024.0,11.0,Nov,2024-11-01,1234698.0,2024.0,11.0,Nov,1921285.0,81.7,81.9,80.3,83.7,267.6,,243.3,141.2,1569936.0,422875.3
2014.0,3.0,Mar,2014-03-01,1297551.0,,3.0,Mar,1428323.0,85.5,88.6,82.0,70.7,245.4,266.4,210.4,140.9,1221204.0,300339.7
2064.0258128728738,11.0,Nov,2025-11-01,1293401.0,2025.0,11.0,Nov,1964675.0,85.0,85.8,81.9,86.4,271.0,,,140.2,,454900.5
2025.0,7.0,Jul,2025-07-01,1680771.0,2025.0,7.0,Jul,2049047.0,91.3,91.3,90.8,92.0,274.1,299.6,255.9,145.0,1870769.0,517268.7
,2.0,Feb,2018-02-01,1491970.0,2018.0,2.0,Feb,1587414.0,88.0,90.4,86.5,74.3,224.3,239.1,206.4,139.9,1396835.0,313245.2
2035.932760360193,9.0632113669535,Sep,2025-09-01,1252438.009605971,,9.024832942796875,Sep,1955542.1374991569,81.36371729926576,81.33435468065684,78.34975413888753,82.80451567468495,271.65092270841797,294.36548448734015,254.92618240051274,152.2097386984144,1601731.021875825,435579.606791929
2009.0,9.0,Sep,2009-09-01,26282.48429692152,2009.0,9.0,Sep,963285.0,76.7,80.2,67.9,63.7,199.4,212.2,172.6,104.5,739059.0,147376.9
2023.0,9.0,Sep,2023-09-01,1130762.0,2023.0,9.0,Sep,1839821.0,82.7,82.1,83.9,84.0,314.5,343.6,296.3,168.8,1521047.0,482855.9
,,Dec,2013-12-01,,2013.0,12.0,Dec,1430856.0,80.8,82.9,78.4,70.9,241.9,258.7,,142.7,1156600.0,279971.6
2016.0,11.0,Nov,2016-11-01,1235433.0,2016.0,11.0,Nov,1632444.0,81.5,84.9,76.4,68.7,215.0,234.5,180.4,126.1,1330693.0,286621.0
2009.0,3.0,Mar,2009-03-01,791236.0,2009.0,3.0,Mar,938508.0,72.9,75.4,66.6,63.3,196.4,209.8,163.3,114.9,684534.0,134475.6
2015.0,9.0,Sep,2015-09-01,1131976.0,2015.0,9.0,Sep,1509870.0,81.4,84.2,76.8,71.7,246.4,270.3,211.0,134.8,1229213.0,302844.6
2022.0,12.0,Dec,2022-12-01,931441.0,2022.0,12.0,Dec,1653139.0,78.2,77.6,78.2,82.1,287.3,301.8,296.1,170.1,1292305.0,371353.5
2016.0,7.0,Jul,2016-07-01,1622405.0,2016.0,7.0,Jul,1651550.0,,92.0,89.1,83.0,218.7,238.8,189.9,130.7,1493918.0,326777.7
