arrivals_ma_3,arrivals_ma_6,arrivals_to_Available Room Nights_ratio,arrivals_lag_1,Gross Lettings,Average Occupancy Rate - Large,Average Occupancy Rate - Medium,arrivals_lag_3,Average Hotel Occupancy Rate,Room Revenue,is_peak_season
-2.3796389805096227,-2.4346119455389377,-2.2359162739526908,-2.1617504388345874,-1.6946498017637233,-2.1696772271557476,-1.8003072584053639,-2.252370939618659,-2.0816474033460683,-1.8249254914238555,-0.7004041959724747
-0.6278738674950413,-0.6055951401697258,0.5753483553770461,-0.5603626751790629,-1.1776568266094714,-0.08302840166408086,0.14313493436970512,-0.4323015278097182,0.022938223853013206,-0.7978384781362178,1.427747014866968
0.3740376542364195,0.5379553165473532,0.568459532218953,0.20615072645057303,0.04968491610065432,0.2015954790508948,-0.6283077681058947,0.1649731065219417,-0.1803215550314059,0.078815525589426,-0.7004041959724747
-2.3796389805096227,-2.4928602478977964,-2.2403421737934233,-2.1617504388345874,-1.716932751589882,-2.1696772271557476,-2.0228388071964,-2.252370939618659,-2.0816474033460683,-1.8110003439125386,-0.7004041959724747
0.9303891254159822,0.872290718391157,0.24125493378607568,0.8540135638903739,0.7218135562550558,0.6712248822306043,0.5585271587796429,0.8495982591114944,0.649655875413302,0.29294484922390185,-0.7004041959724747
0.055976597652441076,-0.7505660654290405,0.24125493378607568,0.24886265450615164,1.4558946166820343,1.0696983152315698,1.7750329588373193,-2.252370939618659,1.5304482505791166,1.8687210163143357,1.427747014866968
0.47845667492873706,0.664675025724779,-0.136805240305315,0.11878213773806316,0.630222350509287,0.1162083148364009,-0.4206116559009269,1.168869689816354,-0.12950661031030172,0.28469682854394085,-0.7004041959724747
0.6840960686835695,0.9106408658214281,0.18157767960450166,0.6836864887424372,0.8643919788117348,0.7139184643378502,0.6475397782960572,1.0268727953153314,0.6665941903203384,0.4191519543876763,-0.7004041959724747
-0.6764856019482759,-0.6999562708266239,0.24125493378607568,-0.4413664779734644,-1.4419492873866084,-1.9615460143829206,-2.0228388071964,-0.570053497563055,-2.0816474033460683,-1.2541762055645247,-0.7004041959724747
-0.09644301743629982,-0.1535801851968576,0.34407246593534546,0.08272692656203003,-0.39490805783540556,0.07351473272915494,0.528856285607504,-0.2787058882111499,0.12456811329522155,-0.4100540014180503,-0.7004041959724747
0.5396654434570631,0.8265005676362537,-0.2466999917230918,0.31705079839452255,0.998193202271897,-1.1219055662737436,-0.6876495144501724,0.22303656845226547,-1.0441756152901864,1.340143251605097,1.427747014866968
0.9088325853700404,0.6502229097968781,3.2764383026234074,-0.12253970888827292,-0.12813660490031076,0.30832943431901066,0.4695145392632262,0.3848183665865142,0.7512857648555128,-0.05578790366309305,-0.7004041959724747
0.40173811938700815,0.4616257764670362,0.6270088845435705,0.5601839370275178,0.014679644217797633,1.2831662257678016,0.5733625953657112,0.2270700343094996,1.1069903779032444,0.24983829316721148,-0.7004041959724747
1.0252085893814984,0.8829291759137784,-0.45940934364274244,1.1365554289726008,1.2766992975438713,-0.12572198377132882,-0.10906748759347204,0.3220038283090189,-0.0448150357751273,1.5440595343932315,-0.7004041959724747
0.31902541222367453,0.39092108960599004,0.12156733512648717,0.01938639509727821,0.362712236253988,0.8135368225880921,0.4695145392632262,0.687452031825616,0.5988409306921979,0.31629449750558986,-0.7004041959724747
0.7891382755573403,0.7867788126440989,0.7281000809740298,0.39543730379864794,1.0037023846184197,1.3543221959465455,1.5079951002880716,0.6834185659683819,0.2685437900050171,0.5508996387320365,1.427747014866968
0.39314200484284273,0.3736813289163615,0.2470298760648946,0.5923387452471823,0.20074395404194997,0.34390741940838265,-0.15357379735167928,0.22657738008600029,-0.010938405961057046,0.1880735405652263,-0.7004041959724747
-0.346215396502662,-0.42191879587730147,0.5584590876889786,-0.3130119387334605,-0.6711198262794731,0.898923986802584,1.4634887905298644,-0.39120651705681614,1.1239286928102807,-0.7161567585924337,1.427747014866968
-1.2664805460727824,-1.9013990072828355,-1.0372303854284644,-1.1903921943562628,0.2386563058933374,0.30832943431901066,-0.37610534614271757,-2.208169282826247,-0.3666430190087911,0.4591649375087072,1.427747014866968
-0.7549235410138336,-1.058462433540577,-0.9999043474205825,-0.6727787197807596,0.8268153821058947,0.30121383730113466,0.5436917221935723,-0.8459871035386253,0.5310876710640597,1.2833086830560825,-0.7004041959724747
0.28104237507911217,0.27900001624885185,0.8677636040287041,0.14869908155819597,-0.024894695604049142,0.94161756890983,1.1519446222224117,0.22303656845226547,1.0900520629962105,0.024472273450157393,-0.7004041959724747
-0.8293541359486564,-0.6814307332323585,-0.5575037437258635,-2.1617504388345874,0.9420885174509361,-0.3391898943075606,0.2914893002303973,-0.3846580401408047,-0.09562998049623148,1.1475432423384007,-0.7004041959724747
-0.1550478161880727,-0.1250475506462751,0.3878786094401786,0.24886265450615164,-0.3231668078793199,0.4782092239668482,0.5746660404146244,-0.10531634672869802,0.5147093774869064,-0.25378499270374594,-0.7004041959724747
-0.22017840052873075,-0.3054794115977493,0.13764820837742464,0.01155715102501619,-0.5493134553939897,-0.09725959569983085,0.09862862461149577,-0.3512250398227824,-0.14644492521733565,-0.4341632525252147,-0.7004041959724747
0.7874237104833689,0.7357512246953786,0.24125493378607568,0.8577652133969202,0.5284157944602402,0.14467070290789888,-0.5689660217616191,0.37730707685014786,0.2685437900050171,0.4595863362190311,-0.7004041959724747
0.5382576530239616,-0.6230233917144841,0.24125493378607568,0.4876688177899056,1.0796082291480351,-0.05456601359258491,0.7365523978124738,0.22303656845226547,0.24313631764446622,1.9622977543894449,-0.7004041959724747
0.17530711450096828,0.04579938237575127,0.23547999150725718,0.19413888537742668,-0.2865682662459168,0.6143001060876083,-0.020054868077057565,-0.09691273202522348,0.44639609652888534,-0.01065121862641056,-0.7004041959724747
-0.5647377190240771,-0.7287187972516238,-0.7188038974377848,-0.5981285510280518,0.4395973666247832,-0.6949697452012802,-0.10906748759347204,-0.7211903651694554,-0.5190878531721036,0.953993729539859,1.427747014866968
0.7259013411768759,0.8051580173825287,0.24125493378607568,0.6866287444778919,1.307367732130075,-0.42457705852205246,-0.07939661442133318,1.1938173397643332,-0.2650131295665803,0.14649432876118984,-0.7004041959724747
-0.46020064631027296,-0.5015906827280494,0.3791255391391024,-0.5083361561037325,-0.6061176301015077,0.94161756890983,1.1519446222224117,-0.2937329668092113,1.005360488461036,-0.8027704707673449,1.427747014866968
-2.3796389805096227,-2.4928602478977964,-2.2750343823886268,-2.1617504388345874,-1.7263450875033923,-2.1696772271557476,-2.0228388071964,-2.252370939618659,-2.0816474033460683,-1.7316833403075877,-0.7004041959724747
0.6209856186118409,0.559904824184137,0.24125493378607568,0.7332979518088888,0.14942098208549243,0.42929458362287454,0.24698299047218794,0.3242533909733994,0.24313631764446622,0.23161777253564306,-0.7004041959724747
0.5713146282651315,0.7124259021115512,0.41633757963942153,0.3186586481830424,0.5845372670384785,0.30832943431901066,-0.24258641686809584,0.09280938581128126,-0.28195144447361664,0.29114169680247387,1.427747014866968
-0.5291301776588163,-0.5538623944683314,0.8164955237894305,-0.6053737190546883,-0.9941358620128402,0.6712248822306043,0.7217169612264034,0.22303656845226547,0.8529156542977211,-0.7079358665848108,1.427747014866968
0.22635859073159217,0.5318920537944984,0.6238871297602739,0.23788114982809763,-0.22590010940505822,1.1123918973388158,1.0184256929477877,-0.16876076255221983,1.225558582252489,-0.008773010211513025,-0.7004041959724747
-2.3796389805096227,-1.0840636085922508,0.24125493378607568,-2.1617504388345874,-1.7353713049995234,-2.1696772271557476,-2.0228388071964,-1.9409347356738362,-2.0816474033460683,-2.101705770956706,1.427747014866968
0.5292190441679653,0.8114155771820335,-0.3910587091196004,0.6328871856281403,0.14942098208549243,0.4719881657301205,0.4398436660910895,1.1394341623529358,0.6327175605062682,1.709500125492846,-0.7004041959724747
0.3093692387110582,0.6927218759342073,-2.19829212660687,1.308895050794603,-1.1797916697432433,-2.1696772271557476,-2.0228388071964,0.9692502476672261,-2.0816474033460683,-1.3030467002040536,1.427747014866968
-0.0756048279564789,-0.1977278569333316,0.24125493378607568,-0.07388201794126983,-0.5986890475062726,0.27275144922963873,0.48434997584929673,-0.3118711905721109,0.2770129474585365,-0.5546398778020343,-0.7004041959724747
0.9886855425434848,1.2469258858002803,0.3999712848014435,0.6939373514757761,1.1632951991757103,0.6000689120518603,0.6623752148821278,0.22303656845226547,0.2685437900050171,0.6235212860038624,-0.7004041959724747
-1.1975045849418917,-0.9594804095986426,0.25625206889238383,-0.5355361619138767,-0.8629927001215945,0.6569936881948543,0.09862862461149577,-0.5807411697815265,0.2685437900050171,-0.9652260036206539,-0.7004041959724747
-2.3796389805096227,-1.4398150216346584,-2.2411749652549573,-2.1617504388345874,-1.87700961314867,-2.1696772271557476,-2.0228388071964,-2.252370939618659,-2.0816474033460683,-1.7686651464393377,1.427747014866968
-2.3796389805096227,-1.1765537150688736,0.24125493378607568,-2.1617504388345874,-1.7786837187751308,-2.1696772271557476,-2.0228388071964,2.4395599059809587,-2.0816474033460683,-1.7763054848589184,-0.7004041959724747
-0.3028919107670403,-0.27385375957194574,0.143765125327018,-0.24249186576405263,-0.28880103796380663,0.884692792766836,1.0480965661199266,-0.01745517774599083,0.9714838586469658,-0.3832816189763299,-0.7004041959724747
-0.6144384231449023,-0.6366641551389732,0.6530883720635002,-0.7097264516557263,-1.2967323889778366,-1.2642175066312316,-1.5184339632700479,-0.8031216869688558,-1.4506951730590223,-1.1135194652242235,1.427747014866968
1.3928571165146724,1.363651708861468,0.09941074312516246,1.4138974859632472,1.2818895125021241,0.9843111510170779,0.9294130734313732,1.0101450473429983,0.9884221735539997,0.9950412193660623,-0.7004041959724747
0.679725734663638,0.5463523317002872,-0.07549350067705078,0.7176110255048399,1.3840262277776256,0.1304395088721509,0.5585271587796429,-0.005280544606363841,0.3617045219937109,0.14649432876118984,1.427747014866968
-0.55308269189595,-0.5899104290349202,0.867992839999611,-0.5836600904821058,-1.0463429891859057,0.3866010015156286,0.39533735633288014,-0.6149592674694175,0.5310876710640597,-0.7752746570632663,1.427747014866968
-0.43569240418967853,-0.46201601792105884,0.5269187953981739,-0.3518912779053836,-0.7688581491483045,0.5431441359088643,0.7365523978124738,-0.43711559191149235,0.5819026157851639,-0.8502311787343533,-0.7004041959724747
0.9987320104944855,0.9253742871717491,0.02494941022824386,1.0270969529614875,0.8235809408704553,0.6143001060876083,0.4695145392632262,0.6406633779691671,0.5141493561570234,0.5586638647552955,-0.7004041959724747
-0.5574594505156903,-0.59236501753677,0.5317417209675698,-0.5694760115314081,-1.13156603900446,0.30832943431901066,-0.0645611778352648,-0.6518745907919007,-0.027876720868093376,-0.7752484326800059,-0.7004041959724747
-0.19778786712011004,-0.2844382784168264,0.11677674351971318,-0.3110234551174543,-0.30047412519066924,0.5004505538016184,0.8404004539149568,-0.3414259448567412,0.5649643008781277,-0.41990984807860254,-0.7004041959724747
0.6676876407719118,0.6757181495520073,0.34841832313588283,0.693110457298823,0.4388279277495706,0.34390741940838265,0.26923614535129264,0.6958271536251044,0.2939512623655704,0.14649432876118984,-0.7004041959724747
0.1328308728651311,-1.4398150216346584,5.224901730186115,0.24886265450615164,-1.9928619261197804,-2.1696772271557476,-2.0228388071964,-2.252370939618659,-2.0816474033460683,-1.8212061504462567,-0.7004041959724747
0.44647220631814777,0.7556407965582411,-0.44523865045017125,0.49160640910872977,1.2163976734035686,-0.08302840166408086,0.20247668071398073,0.9831075536798096,0.07375316857411739,1.4198997397019306,-0.7004041959724747
-2.3796389805096227,-2.4928602478977964,0.24125493378607568,-2.1617504388345874,-1.9047905534831664,-2.1696772271557476,-2.0228388071964,-2.252370939618659,-2.0816474033460683,-1.784210779978337,-0.7004041959724747
-0.7286413062710363,-0.6640319333837142,0.2752166218913417,-0.5258081238056482,-1.168541074407861,-0.11149078973557883,-0.7024849510362408,-0.5686677669617967,-0.2480748146595464,-0.9125348876267957,-0.7004041959724747
0.7422772445520022,0.6464031934556105,1.0616427209756014,0.7216579943602981,0.24860864799926988,1.1977790615533097,1.2854635514970334,0.41723906370556524,1.3102501567876634,0.23420042214226156,-0.7004041959724747
0.7663044447619131,0.6527121675017602,0.37744004367348655,0.9108308190702736,0.14942098208549243,0.2869826432653867,-0.049725741249196424,0.3033954459492639,0.0906914834811513,0.3076531110767216,-0.7004041959724747
0.1328308728651311,-1.4398150216346584,-2.3302453529067932,2.4008416247221245,-1.6678705309467765,-2.1696772271557476,-2.0228388071964,-2.252370939618659,-2.0816474033460683,-1.6682682601383474,1.427747014866968
-0.4914523090051719,-0.5143828165659375,0.7856629479904487,0.24886265450615164,-1.0890426498208892,0.3723698074798786,0.2914893002303973,0.22303656845226547,0.4972110412499895,-0.81167771818513,-0.7004041959724747
0.7694725755426243,0.5618149770463925,-0.19862786526522339,0.8205527878832993,0.9278804788751911,-0.6949697452012802,-0.22775098028202537,0.28965061806989933,-0.5529644829861738,1.1901452050895958,-0.7004041959724747
1.16109650454975,0.791633125345323,0.24125493378607568,0.9845381534571964,1.3184168743781288,0.10197712080065292,0.41017279291895065,0.33178042764841637,0.31088957727260436,2.1802820623632115,-0.7004041959724747
0.39454377221362363,0.41850352864155077,0.1550022153042407,0.24886265450615164,0.20514234644862014,0.3154450313368847,-0.15357379735167928,0.3046641992919744,0.05681485366708105,0.20536264344650856,-0.7004041959724747
0.8845162781687338,0.9872215867957466,0.42859562361666537,0.6728165491517498,0.7290155041270463,-0.18264675991432275,0.02445144168114967,0.48870317042760336,-0.28195144447361664,0.3873562461179565,1.427747014866968
0.478291241483661,0.5578932733395463,0.24125493378607568,0.18895657769170757,0.24064285717115916,0.870461598731086,0.706881524640335,0.7127753587385467,0.7682240797625467,0.27220136206485873,-0.7004041959724747
0.9346642950512462,0.5820945735135086,0.6449164879111493,-0.13557751125504622,-0.25270176389837484,0.23005786712239076,0.02445144168114967,-0.15535336907251235,0.17538305801632573,-0.17373432809981498,1.427747014866968
1.1743291724684242,1.3240543241746177,0.101194790419525,0.8176608458146962,1.471669512603667,0.9700799569813279,0.8404004539149568,1.5742138871857383,0.954545543739932,0.9617172625546103,-0.7004041959724747
-0.36398664264876024,-0.4129987186013817,0.4277433236743211,-0.32977513999798796,-0.6402303528891176,0.6427624941591062,0.8997422002592345,-0.5520862405626483,0.7512857648555128,-0.7646935705621999,-0.7004041959724747
0.196169931057757,0.057029566547155644,0.5467289477852176,0.40274153569506677,-0.23444507785923807,0.3866010015156286,0.08379318802542739,0.22303656845226547,0.2939512623655704,-0.25092896523882263,-0.7004041959724747
1.3594965789325368,1.552536795980923,0.5331309300390452,1.4068841983142748,1.4789805808979604,1.5677901064827773,1.626678592976627,2.4395599059809587,1.7337080294635356,0.8713824008239445,-0.7004041959724747
-2.3796389805096227,-2.4928602478977964,-2.2221117207980474,-2.1617504388345874,-1.5288762945688155,-1.8761588501684288,0.26923614535129264,-2.252370939618659,-1.1796821345464652,-1.2115163683123407,1.427747014866968
-2.3796389805096227,-2.4928602478977964,-2.2994105968938205,-2.1617504388345874,-1.6312284527293766,-2.1696772271557476,-2.0228388071964,-2.252370939618659,-2.0816474033460683,-1.4802502836296123,-0.7004041959724747
-0.4254034075958961,-0.8496865901779722,0.42501785635677547,-0.39653481325791873,-1.0432960112400635,-0.1399531778070768,-0.07939661442133318,-0.6133058389110979,-0.2988897593806506,-1.0961697749747183,-0.7004041959724747
-0.4982872801267519,-0.8661484053516731,0.655475788821032,-0.5678681617428882,-0.9143408537139681,-0.12572198377132882,-0.390940782728788,-2.252370939618659,-0.23113649975251008,-1.1376911122777662,1.427747014866968
0.6924295777105506,0.7664743926045435,0.12247334141278834,0.3511656520706684,1.790373892676297,0.9843111510170779,1.5376659734602105,0.541048244065072,1.378003416415804,1.9583179781573965,1.427747014866968
-0.7046590782597868,-1.4398150216346584,-2.318205086828583,-2.1617504388345874,-1.6842050187776547,-2.1696772271557476,-2.0228388071964,0.22303656845226547,-2.0816474033460683,-1.6523627195463249,-0.7004041959724747
0.2660240699510821,0.3459134283429856,0.21535607790361827,0.24475224667944578,0.10128768401173464,0.08774592676490292,0.08379318802542739,0.3369881652164571,-0.07869166558919755,0.017195459239911934,-0.7004041959724747
1.05298052820496,0.9927391516934597,0.4809185138678209,1.186464398938697,1.1040847792584365,1.2404726436605555,1.4338179173577255,0.5873397445726929,1.378003416415804,0.639395176478157,-0.7004041959724747
0.42894951187715186,0.3004236007407417,0.35155345853761955,0.35622983201682284,0.010698147783515395,0.6712248822306043,0.33599560998860456,0.0931850627762328,0.4125194667148151,0.0199553495058085,-0.7004041959724747
0.5292126195681568,0.41720210026412197,0.805491655797355,0.20778045174641968,0.625127266175606,1.3400910019107974,1.2261218051527576,0.23804340098634744,1.4626949909509785,0.36838697412984694,1.427747014866968
0.18676337973906215,0.031315711408477734,0.9555092877496092,-0.06571005910107908,-0.020294850110050548,0.30832943431901066,1.6118431563905564,-0.253499538556767,1.9539061232549886,-0.02502489352038967,1.427747014866968
0.5854864923683532,0.5657047046260291,0.8909711535106704,0.4357298007438824,0.20578867510379878,1.012773539088574,1.1519446222224117,0.5985740605186088,0.2685437900050171,0.11284392359259894,1.427747014866968
1.1708189317478948,1.6005315324115201,0.09986654025433911,0.24886265450615164,1.253683282316601,0.884692792766836,0.7662232709846106,1.4174261181664143,0.8698539692047574,0.7374589969580422,-0.7004041959724747
1.092558472252055,1.1781745195732227,0.45612918937223274,1.1699658913128237,1.0473001902677421,0.6854560762663522,0.706881524640335,0.8201312377707749,0.7004708201344086,0.5340554460771041,-0.7004041959724747
0.6652976896430407,0.4957001266554663,-0.07540673193498225,0.7772327207240356,0.26306850293417544,0.24428906115814075,-0.31676359979844193,0.18433059324893544,0.022938223853013206,0.33447522941772895,-0.7004041959724747
0.35372628194091926,0.4392290237878343,0.4664148947869581,0.11914745871042073,0.23022605378055286,0.30832943431901066,-0.390940782728788,-0.009403992970173204,-0.027876720868093376,0.2702797477742198,1.427747014866968
1.0184635626572418,0.9451144968614621,0.05492536421985196,1.2928581163733255,1.9487719785073483,1.0696983152315698,1.3893116075995182,0.22303656845226547,1.411880046229872,2.1844517393016285,-0.7004041959724747
-0.30800990758972036,-0.519455660852328,-0.6227961708078189,-0.3455233177225519,0.6917075115376441,-0.3676522823790565,-0.07939661442133318,-0.6444240392474726,-0.21419818484547615,0.8572040523708019,1.427747014866968
0.24763686529831563,0.6199888086879336,0.7143198810285248,0.09798071782100824,-0.07470676940554363,0.95584876294558,0.7662232709846106,0.256069146616028,1.005360488461036,0.0024799630744686903,1.427747014866968
0.6158363018650932,0.703713669662494,0.1679621764982848,0.5857804681506074,0.28159379308975,-0.026103625521086936,-0.15357379735167928,0.522552339838536,-0.2480748146595464,-0.036329411283813985,1.427747014866968
-2.3796389805096227,-2.4928602478977964,-2.1928998733677205,-2.1617504388345874,-1.5540103651725803,-0.6095825809867862,-0.6876495144501724,-2.252370939618659,0.2685437900050171,-1.4883970239328432,-0.7004041959724747
0.7877899126724701,0.5160759317054542,0.24125493378607568,2.4008416247221245,-0.14055115140692373,1.1123918973388158,0.7365523978124738,0.17030232047385896,1.0900520629962105,-0.0345759947616734,-0.7004041959724747
-2.3796389805096227,-1.767091777544655,-2.1439846446727717,-2.1617504388345874,-1.925294001037924,-1.676922133667945,-2.0228388071964,-2.252370939618659,0.2685437900050171,-2.0620608334904,1.427747014866968
-0.573983521223907,-0.5792411313790827,0.6257933909495557,-0.3918534546899834,-1.1537734439228704,0.18736428501514482,0.1579703709557735,-0.48931669353844065,0.2939512623655704,-0.737724957390565,-0.7004041959724747
0.8407992856948234,0.9371504216414049,0.11949586843022837,0.8334265239451216,0.718685437482373,0.27275144922963873,0.23214755388611957,0.22303656845226547,0.17538305801632573,0.22574260639621657,-0.7004041959724747
0.23264988009435283,0.22272245309854105,0.45893416089407757,-0.08403662844237078,-0.01049919373870683,0.30832943431901066,0.6475397782960572,0.12357440480934828,0.7682240797625467,0.09508459039078333,-0.7004041959724747
-0.9943450867132536,0.11968232833534241,-2.434543774022743,-1.8588993527501585,-1.4533481745779406,-2.1696772271557476,-2.0228388071964,1.3995758384245554,-2.0816474033460683,-1.9102641559988605,-0.7004041959724747
0.6565224893792048,0.5473234803427227,-0.434306481005359,0.5546647465289659,1.1819967607826973,-0.5953513869510383,-0.020054868077057565,0.7086136678094429,-0.41745796372989524,1.4393636578156777,-0.7004041959724747
-2.3796389805096227,-2.4928602478977964,-2.2691961918620556,-2.1617504388345874,-1.6216762188385545,-2.1696772271557476,-2.0228388071964,-2.252370939618659,-2.0816474033460683,-1.4314331420456818,-0.7004041959724747
0.8140356075038548,0.7770792751935941,-0.35998055946856927,0.24886265450615164,1.2979190227424635,-0.15418437184282477,0.08379318802542739,1.1243238499362924,-0.010938405961057046,1.534935257596739,-0.7004041959724747
0.2599560354316766,0.25535493239292933,0.43115114182627634,0.2454194496529132,-0.18603478179040375,0.4435257776586225,0.2914893002303973,0.07141829443568756,0.39558115180777875,0.14649432876118984,-0.7004041959724747
0.30134651969982756,0.3437689241273655,0.08697633364071036,0.2166859707791603,0.3361428124030083,0.5716065239803624,0.20247668071398073,0.5797902122710321,0.32782789217964065,0.2485695755908509,1.427747014866968
-0.1583416273690952,-0.19774005835029296,0.531998067277355,-0.2747429262159551,-0.33954763025374124,0.2015954790508948,0.7365523978124738,-0.3491801873608606,0.32782789217964065,-0.4488407685493843,1.427747014866968
-0.5399026253882107,-0.5743481528082461,0.5749079952588648,-0.3657472242461792,-1.1518176702000573,-0.2253403420215687,-0.34643447297058083,-0.6055875894096086,-0.2480748146595464,-0.8962766742943735,-0.7004041959724747
0.814156470287758,0.8965743150188326,0.09959797205908219,0.503762628530233,0.8988740322594468,0.4435257776586225,0.3656664831607434,1.1907579345407757,0.31088957727260436,0.14649432876118984,-0.7004041959724747
0.7262727633533219,0.5136383132815139,0.4718576877492931,0.7051769871402863,0.29267371289281235,0.7139184643378502,0.39533735633288014,0.22762342672493718,0.5141493561570234,0.2653757881045094,-0.7004041959724747
0.2797703043169711,0.3050226934582119,0.13395974651407547,0.2911020716034714,0.2512667095681863,0.5573753299446144,0.24698299047218794,0.22235045183962943,0.429457781621849,0.11706604929753657,1.427747014866968
0.18487013131635696,0.3177092219286052,-0.4581459533626132,0.0233961755902808,0.8121484781645683,-1.3922982529529693,-0.46511796565913416,0.47215313790575636,-1.2474353941746033,1.1925424754352354,1.427747014866968
0.6172786245221669,0.8610846004628633,-0.3333563610168983,0.4454665890550415,1.1481498441519788,-0.7803569094157721,-0.8805101900690718,0.3408979051271503,-0.8070392065916971,1.5404993482933513,1.427747014866968
0.4883369063596851,0.6049701266238222,0.5037015630785504,0.24987986559684788,0.30250854069780325,0.030821150621909005,0.26923614535129264,0.06561892188691477,-0.21419818484547615,0.21241971541081284,1.427747014866968
-0.6018678905440221,-0.6437031105102358,0.25003970876734677,-0.5244605925543173,-1.350990420498287,-0.9938248199520038,-1.6222820193725327,-0.6295454317852603,-1.2643737090816396,-0.6423857599025361,-0.7004041959724747
-0.737029424396392,-0.7673085131928569,0.24125493378607568,-0.6948226685139769,-1.4161157268962865,-0.6949697452012802,-1.770636385233225,-0.7591854785708413,-1.1627438196394289,-1.2517590408591706,-0.7004041959724747
0.4904417658720412,0.5084876323696792,0.5815449494357681,0.610604793865061,0.14942098208549243,0.4719881657301205,0.4546791026771579,0.42496856102037645,0.4125194667148151,0.04638410209790854,-0.7004041959724747
-1.1618311914285908,-0.6800284117588129,0.24125493378607568,0.04976272457127385,0.8442494680384405,-0.3107275062360626,0.4991854124353651,-0.18393856184879473,-0.027876720868093376,1.0143405568676227,1.427747014866968
1.3482808338163357,1.3221891903335654,0.36197733926358105,1.3895259832504583,1.294525097812889,0.3154450313368847,0.41017279291895065,0.9620763923305169,0.2939512623655704,0.9350588205367113,-0.7004041959724747
-0.7820060399703137,-0.8394093787451162,0.15024170138108958,0.24886265450615164,-1.2435207943276751,-0.6380449690582842,-1.6816237657168105,-0.7008970603740794,-1.0611139301972203,-1.3074551094590487,1.427747014866968
0.4260480019885058,0.4487855942906306,0.652912312716537,0.2005068455602584,0.4405794504255092,1.1977790615533097,1.196450931980619,0.22303656845226547,1.1747436375313849,0.34031331970495976,1.427747014866968
0.28259793130781646,0.21752885685808251,-0.6354565381549926,0.24886265450615164,0.9266857501489517,-0.6522761630940321,-0.09423205100740366,0.22303656845226547,-0.5021495382650697,0.14649432876118984,-0.7004041959724747
-2.268458871593526,-0.48151977256482725,-2.314774725787902,-2.1617504388345874,-1.5151019397227357,-2.1696772271557476,-2.0228388071964,1.3166592081781563,-2.0816474033460683,-2.058042172828,-0.7004041959724747
-0.4723993551972191,-0.642435846100299,-0.7327277920668328,-0.34633927414584154,0.14551782851850456,0.30832943431901066,0.26923614535129264,-0.6433150048539331,-1.6878315817575116,0.4736995758585609,-0.7004041959724747
0.9033716755325659,0.817813327055041,0.008884158095930895,1.1218616507011887,1.7129795336680884,0.8135368225880921,1.1222737490502728,0.3922194277523259,1.1069903779032444,1.9626422885281427,-0.7004041959724747
0.6516839626482075,0.6273761355503744,0.284851327021053,0.8613615468014463,0.0059975757458526,0.3866010015156286,0.12829949778363461,0.4187417715653714,0.2261980027374299,0.2172847906501716,-0.7004041959724747
0.151117693145885,0.2269828513106987,0.5761844441560677,0.22491553663550276,0.014268344164502138,1.0554671211958218,1.062932002705995,0.474202489493007,1.1916819524384188,0.08613936283172433,-0.7004041959724747
0.8960709209248485,0.953873767876599,0.6848454402804274,0.6515338680735053,1.1339977647671584,1.4824029422682854,1.7750329588373193,0.827712263949737,1.7337080294635356,0.6117320692946578,1.427747014866968
0.1913782509226644,0.2305742752825517,0.532780224223609,0.12399944623550516,-0.14927518927206218,0.8562304046953381,0.8552358905010272,0.31567355897145233,0.8867922841117913,-0.013830699024474554,1.427747014866968
0.7829256875422375,0.8705256361691894,-0.32729131515116233,0.3600317951902208,0.14942098208549243,0.3723698074798786,0.4991854124353651,1.3001676642855833,0.5988409306921979,2.4906223181568574,-0.7004041959724747
0.49320113148991773,0.46822211491955584,0.8321171239804243,0.28788418447569897,0.12310617255321946,0.9985423450528259,0.7662232709846106,0.5797789644577102,1.005360488461036,0.14367113825983693,1.427747014866968
0.250404261665953,0.20542967935590714,0.6724751616411679,0.33550278882467904,-0.2299067874752565,0.5004505538016184,0.6178689051239185,0.21528457551081043,0.5819026157851639,-0.06522054303516583,-0.7004041959724747
0.2530343322126779,0.5038956922069799,0.0742988623771281,0.34384610731912085,0.3472619036397178,0.42929458362287454,0.09862862461149577,0.7699254982271321,0.2770129474585365,0.19021941854719615,-0.7004041959724747
-1.18587927158788,-1.0206721144671411,0.23294578849405653,-2.1617504388345874,-0.8747469281752976,0.30121383730113466,-0.45028252907306365,-0.49647705149916366,0.07375316857411739,-1.0766009593279295,-0.7004041959724747
0.4864914400646092,0.3346195443602715,0.8383686699753677,0.4417849411719409,-0.31706322734025416,0.7708432404808462,0.30632473681646566,0.24581563999178188,0.6157792455992341,-0.20485272385015227,-0.7004041959724747
-1.017297624038877,-1.6375177004399981,-1.1054361710959386,-0.79413528422692,0.30768476585832477,-0.7092009392370281,-0.6876495144501724,-1.5394845312764944,-0.7054093171494887,0.4129376798440194,-0.7004041959724747
0.5674152977186819,0.8108374824611659,-0.4595816664122728,0.24886265450615164,0.9215151209075226,-1.1503679543452396,-0.5838014583476875,0.6179697898108971,-1.0441756152901864,0.14649432876118984,1.427747014866968
1.011759492756766,1.2975242363150643,0.20339372685311194,0.9640867416573703,1.4136538214126324,1.2689350317320536,1.1074383124642044,1.424638216068418,1.2763735269735932,0.9282468109125313,-0.7004041959724747
-0.15954784598319605,-0.16584875202554067,0.24125493378607568,-0.2179803598043723,-0.1989977283680774,0.6996872703021022,1.0480965661199266,0.055732093976962695,0.9037305990188254,-0.20782964349475627,1.427747014866968
-2.109364900378425,-2.3512611211050265,-1.6489470895222582,-2.1187672544881564,-0.27949222655350653,-1.4919166112032112,-1.1920543583765246,-2.252370939618659,-1.4337568581519884,0.14649432876118984,-0.7004041959724747
0.7958479669826488,0.842097512716639,0.15676947229217736,0.6581840223008528,1.4023192872908634,-0.026103625521086936,0.11346406119756625,0.4762023507016412,0.0906914834811513,1.6541223666484048,-0.7004041959724747
-0.5785000148894885,-0.6055930364771462,0.6581718831504166,-0.44729692800976006,-1.3078682679718234,-0.4672706406292984,-0.09423205100740366,0.22303656845226547,-0.383581333915825,-0.84914422326266,-0.7004041959724747
0.20466994485208165,0.2439920472936059,0.20311322150426708,0.4896616765073772,-0.25124122901524387,0.30121383730113466,0.12829949778363461,0.09817459276582863,0.2261980027374299,0.06949411377394095,-0.7004041959724747
-2.3796389805096227,-2.4928602478977964,-2.240355532447068,-2.1617504388345874,-1.8797935828971666,-2.1696772271557476,-2.0228388071964,0.22303656845226547,-2.0816474033460683,-1.76859370760218,-0.7004041959724747
1.221697746858657,1.3703599637592208,0.4498446751855017,0.9710628409438871,1.265185694011144,0.4577569716943725,0.17280580754184185,0.8114996658275471,0.2939512623655704,0.14649432876118984,1.427747014866968
-2.3796389805096227,-2.4928602478977964,-2.220205009017203,-2.1617504388345874,-1.7556732994669528,-2.1696772271557476,-2.0228388071964,-2.252370939618659,-2.0816474033460683,-1.666617028282015,-0.7004041959724747
0.9421088000796853,0.754614362874814,0.3322622780539411,0.24886265450615164,0.8648536421368623,0.6569936881948543,0.48434997584929673,0.9073107892661748,0.5819026157851639,0.3992114759298512,1.427747014866968
0.28054446859393106,0.6132986455463653,-0.050945534951114854,0.32356313692571115,0.5470054376853781,0.34390741940838265,-0.37610534614271757,0.8527408981536339,0.039876538760047125,0.1877669865678018,-0.7004041959724747
1.645113406482109,1.3635949091618194,0.3867463192796746,2.4008416247221245,1.0042787642849427,0.7423808524093481,0.6475397782960572,0.8754479836878901,0.7174091350414425,0.4723413336634838,1.427747014866968
0.4466316167009036,0.5118240888008876,0.08227757973857473,0.09234121203215899,0.14942098208549243,0.94161756890983,0.6475397782960572,0.9367778106068944,0.9037305990188254,0.5054663468777868,-0.7004041959724747
0.4835537918020386,0.41130839513318057,-0.017858655355332757,0.5975757417012184,0.13508703533016714,0.5716065239803624,0.26923614535129264,0.17685079738987045,0.2261980027374299,0.3326494697693528,-0.7004041959724747
0.8381808597352522,1.2065784084872562,0.07778577214373553,0.8260544779759897,1.0352409846235,0.6854560762663522,0.60303346853785,1.3054563861095416,0.6157792455992341,0.5713564662533701,-0.7004041959724747
0.5768221164512195,0.7345506894140659,0.24125493378607568,0.59990329568079,1.4676572386143762,-0.026103625521086936,-0.10906748759347204,0.6214881058179881,0.05681485366708105,1.68092368634062,-0.7004041959724747
-1.1560418239258918,-1.0539834974308107,-2.3007354539133837,-0.5362011773366113,-1.1083625604875924,-0.32495870027181056,-1.6371174559586013,-0.792751203086062,-0.7731625767776269,-1.0714022014188083,-0.7004041959724747
0.9209815036084688,0.7658167783041679,-0.16178524939285144,0.6294658562822286,1.0834050602522662,-0.6095825809867862,-0.212915543695957,0.6475020484688836,-0.4513345935439655,1.2334715033922272,-0.7004041959724747
0.2546533313644938,0.4172009221962771,0.19676471466752757,0.2598113459232155,0.1533241356524803,0.5004505538016184,0.30632473681646566,0.4380902600417076,0.37864283690074485,0.13995903159486153,1.427747014866968
0.7664666659070849,0.877304743433023,0.28754984825222274,0.5996801655060566,0.6278664685713631,0.5146817478373664,0.4695145392632262,0.8488828981842215,0.429457781621849,0.18483708995525117,1.427747014866968
-0.8147389744586275,-0.7481893135526351,0.24705474259309984,-0.8746459013924778,-1.2609213047456662,-1.0080560139877517,-1.8299781315775028,-0.48321812915530526,-1.416818543244952,-1.1880672482320782,1.427747014866968
0.711519472967404,0.6291861526458419,0.43695967211741515,0.5366787044048702,0.47761324297938107,0.5004505538016184,0.32116017340253405,0.7247452816757151,0.3617045219937109,0.23317676690602462,1.427747014866968
0.48420508560765485,0.6103644151363717,-0.39367773472755535,0.4099385776055842,0.9158996160982433,-0.80881929748727,-0.4799534022452025,0.8144735876698581,-0.7392859469635567,1.0599257692869677,1.427747014866968
0.9733961996110208,0.584923114408304,0.24125493378607568,0.8547092050233661,0.5936026559682568,1.1835478675175597,0.9294130734313732,0.2983519264557229,1.1408670077173146,0.14649432876118984,-0.7004041959724747
